Station,Sample Date,Time,Replicate number,Temperature(deg C),Conductivity(uS/cm),Salinity(PSU),TDS(mg/L),HDO(mg/L),HDO %,pH,Depth(m),field Chl a conc.(ug/L),lab Chl a conc.,correction,Method
FHR,6/10/2024,10:07,1,31.87,40220,25.5,25740,5.52,86.7,7.18,0.32,41.09,6.29,6.532591415,uncorrected
FHR,6/10/2024,10:07,1,31.87,40220,25.5,25740,5.52,86.7,7.18,0.32,41.09,8.42,4.880047506,uncorrected
FHR,6/10/2024,10:08,2,31.93,40060,25.39,25640,5.1,80,7.22,0.3,40.9,6.29,6.502384738,uncorrected
FHR,6/10/2024,10:08,2,31.93,40060,25.39,25640,5.1,80,7.22,0.3,40.9,8.42,4.857482185,uncorrected
FHR,6/10/2024,10:08,3,31.87,40290,25.55,25790,4.86,76.3,7.22,0.24,35.41,6.29,5.629570747,uncorrected
FHR,6/10/2024,10:08,3,31.87,40290,25.55,25790,4.86,76.3,7.22,0.24,35.41,8.42,4.205463183,uncorrected
FHR,6/10/2024,10:09,4,31.93,40130,25.44,25680,4.78,75.1,7.22,0.26,37.63,6.29,5.982511924,uncorrected
FHR,6/10/2024,10:09,4,31.93,40130,25.44,25680,4.78,75.1,7.22,0.26,37.63,8.42,4.46912114,uncorrected
RYE,6/10/2024,10:30,1,30.49,8039,4.41,5144,6.9,94.4,7.59,0.01,66.48,7.86,8.458015267,uncorrected
RYE,6/10/2024,10:30,1,30.49,8039,4.41,5144,6.9,94.4,7.59,0.01,66.48,7.59,8.758893281,uncorrected
RYE,6/10/2024,10:31,2,30.72,8107,4.45,5189,6.11,83.9,7.4,0.02,66.77,7.86,8.494910941,uncorrected
RYE,6/10/2024,10:31,2,30.72,8107,4.45,5189,6.11,83.9,7.4,0.02,66.77,7.59,8.797101449,uncorrected
RYE,6/10/2024,10:31,3,30.7,8090,4.44,5178,6.02,82.6,7.37,0.02,67.68,7.86,8.610687023,uncorrected
RYE,6/10/2024,10:31,3,30.7,8090,4.44,5178,6.02,82.6,7.37,0.02,67.68,7.59,8.916996047,uncorrected
RYE,6/10/2024,10:31,4,30.67,8002,4.39,5121,5.81,79.6,7.36,0.02,68.63,7.86,8.731552163,uncorrected
RYE,6/10/2024,10:31,4,30.67,8002,4.39,5121,5.81,79.6,7.36,0.02,68.63,7.59,9.042160738,uncorrected
SR64,6/12/2024,10:47,1,29.84,45370,29.24,29040,6.06,94,7.46,0.29,11.94,3.58,3.335195531,uncorrected
SR64,6/12/2024,10:47,1,29.84,45370,29.24,29040,6.06,94,7.46,0.29,11.94,3.28,3.640243902,uncorrected
SR64,6/12/2024,10:48,2,29.87,45440,29.28,29080,5.25,81.5,7.4,0.28,13.32,3.58,3.720670391,uncorrected
SR64,6/12/2024,10:48,2,29.87,45440,29.28,29080,5.25,81.5,7.4,0.28,13.32,3.28,4.06097561,uncorrected
SR64,6/12/2024,10:49,3,29.88,45490,29.32,29110,4.64,72.1,7.37,0.28,13.27,3.58,3.706703911,uncorrected
SR64,6/12/2024,10:49,3,29.88,45490,29.32,29110,4.64,72.1,7.37,0.28,13.27,3.28,4.045731707,uncorrected
SR64,6/12/2024,10:49,4,29.88,45520,29.34,29130,4.34,67.3,7.36,0.25,12.71,3.58,3.55027933,uncorrected
SR64,6/12/2024,10:49,4,29.88,45520,29.34,29130,4.34,67.3,7.36,0.25,12.71,3.28,3.875,uncorrected
FHR,6/12/2024,11:25,1,30.28,31570,19.54,20210,6.77,100.3,7.57,0.28,41.56,14.5,2.866206897,uncorrected
FHR,6/12/2024,11:25,1,30.28,31570,19.54,20210,6.77,100.3,7.57,0.28,41.56,13.3,3.12481203,uncorrected
FHR,6/12/2024,11:26,2,30.27,31390,19.41,20090,5.56,82.2,7.3,0.3,43.64,14.5,3.009655172,uncorrected
FHR,6/12/2024,11:26,2,30.27,31390,19.41,20090,5.56,82.2,7.3,0.3,43.64,13.3,3.281203008,uncorrected
FHR,6/12/2024,11:26,3,30.26,31460,19.46,20140,5.01,74.1,7.26,0.3,46.05,14.5,3.175862069,uncorrected
FHR,6/12/2024,11:26,3,30.26,31460,19.46,20140,5.01,74.1,7.26,0.3,46.05,13.3,3.462406015,uncorrected
FHR,6/12/2024,11:27,4,30.29,31430,19.44,20110,4.71,69.7,7.23,0.24,40.82,14.5,2.815172414,uncorrected
FHR,6/12/2024,11:27,4,30.29,31430,19.44,20110,4.71,69.7,7.23,0.24,40.82,13.3,3.069172932,uncorrected
RYE,6/12/2024,11:50,1,29.42,458.6,0.22,293.5,7.68,100.7,8.38,0.02,41.85,20.2,2.071782178,uncorrected
RYE,6/12/2024,11:50,1,29.42,458.6,0.22,293.5,7.68,100.7,8.38,0.02,41.85,17.9,2.337988827,uncorrected
RYE,6/12/2024,11:51,2,29.43,446.1,0.21,285.5,7.56,99.1,8.08,0.02,32.56,20.2,1.611881188,uncorrected
RYE,6/12/2024,11:51,2,29.43,446.1,0.21,285.5,7.56,99.1,8.08,0.02,32.56,17.9,1.818994413,uncorrected
RYE,6/12/2024,11:52,3,29.4,450.3,0.21,288.2,7.6,99.6,7.98,0.02,35.23,20.2,1.744059406,uncorrected
RYE,6/12/2024,11:52,3,29.4,450.3,0.21,288.2,7.6,99.6,7.98,0.02,35.23,17.9,1.968156425,uncorrected
RYE,6/12/2024,11:52,4,29.39,448.7,0.21,287.2,7.62,99.9,7.96,0.02,31.76,20.2,1.572277228,uncorrected
RYE,6/12/2024,11:52,4,29.39,448.7,0.21,287.2,7.62,99.9,7.96,0.02,31.76,17.9,1.774301676,uncorrected
EMP,6/13/2024,10:52,1,31.78,53890,35.4,34490,6.86,113.4,7.26,0.05,20.86,10.8,1.931481481,uncorrected
EMP,6/13/2024,10:52,1,31.78,53890,35.4,34490,6.86,113.4,7.26,0.05,20.86,11,1.896363636,uncorrected
EMP,6/13/2024,10:53,2,31.92,53940,35.43,34520,7.04,116.6,7.84,0.09,23.72,10.8,2.196296296,uncorrected
EMP,6/13/2024,10:53,2,31.92,53940,35.43,34520,7.04,116.6,7.84,0.09,23.72,11,2.156363636,uncorrected
EMP,6/13/2024,10:53,3,31.76,53910,35.41,34500,7.18,118.6,7.88,0.08,25.4,10.8,2.351851852,uncorrected
EMP,6/13/2024,10:53,3,31.76,53910,35.41,34500,7.18,118.6,7.88,0.08,25.4,11,2.309090909,uncorrected
EMP,6/13/2024,10:53,4,31.69,53970,35.46,34540,7.28,120.2,7.87,0.06,27.22,10.8,2.52037037,uncorrected
EMP,6/13/2024,10:53,4,31.69,53970,35.46,34540,7.28,120.2,7.87,0.06,27.22,11,2.474545455,uncorrected
PBR,6/13/2024,11:23,1,30.69,49800,32.42,31870,6.1,97.5,7.1,0.33,16.67,2.59,6.436293436,uncorrected
PBR,6/13/2024,11:23,1,30.69,49800,32.42,31870,6.1,97.5,7.1,0.33,16.67,2.65,6.290566038,uncorrected
PBR,6/13/2024,11:24,2,30.83,49490,32.19,31670,5.29,84.6,7.49,0.3,16.22,2.59,6.262548263,uncorrected
PBR,6/13/2024,11:24,2,30.83,49490,32.19,31670,5.29,84.6,7.49,0.3,16.22,2.65,6.120754717,uncorrected
PBR,6/13/2024,11:25,3,30.84,49520,32.22,31690,4.97,79.5,7.57,0.35,15.5,2.59,5.984555985,uncorrected
PBR,6/13/2024,11:25,3,30.84,49520,32.22,31690,4.97,79.5,7.57,0.35,15.5,2.65,5.849056604,uncorrected
PBR,6/13/2024,11:25,4,30.81,49870,32.47,31920,4.87,78,7.6,0.29,15.26,2.59,5.891891892,uncorrected
PBR,6/13/2024,11:25,4,30.81,49870,32.47,31920,4.87,78,7.6,0.29,15.26,2.65,5.758490566,uncorrected
MC,6/13/2024,12:02,1,28.71,4129,2.17,2642,7.41,97,6.52,0.36,21,3.6,5.833333333,uncorrected
MC,6/13/2024,12:02,1,28.71,4129,2.17,2642,7.41,97,6.52,0.36,21,3.59,5.849582173,uncorrected
MC,6/13/2024,12:02,2,28.72,4097,2.15,2622,6.28,82.2,6.63,0.3,21.41,3.6,5.947222222,uncorrected
MC,6/13/2024,12:02,2,28.72,4097,2.15,2622,6.28,82.2,6.63,0.3,21.41,3.59,5.963788301,uncorrected
MC,6/13/2024,12:03,3,28.79,3842,2.01,2459,5.93,77.7,6.67,0.3,20.11,3.6,5.586111111,uncorrected
MC,6/13/2024,12:03,3,28.79,3842,2.01,2459,5.93,77.7,6.67,0.3,20.11,3.59,5.601671309,uncorrected
MC,6/13/2024,12:03,4,28.73,4067,2.14,2602,5.5,72,6.69,0.36,21.95,3.6,6.097222222,uncorrected
MC,6/13/2024,12:03,4,28.73,4067,2.14,2602,5.5,72,6.69,0.36,21.95,3.59,6.114206128,uncorrected
KFR,6/18/2024,10:15,1,28.71,52360,34.37,33510,6.96,108.9,7.15,0.28,12.8,11.7,1.094017094,corrected
KFR,6/18/2024,10:15,1,28.71,52360,34.37,33510,6.96,108.9,7.15,0.28,12.8,11.6,1.103448276,corrected
KFR,6/18/2024,10:15,2,28.74,52420,34.42,33550,6.35,99.6,8.09,0.39,11.88,11.7,1.015384615,corrected
KFR,6/18/2024,10:15,2,28.74,52420,34.42,33550,6.35,99.6,8.09,0.39,11.88,11.6,1.024137931,corrected
KFR,6/18/2024,10:16,3,28.74,52450,34.44,33570,5.94,93,8.14,0.32,12,11.7,1.025641026,corrected
KFR,6/18/2024,10:16,3,28.74,52450,34.44,33570,5.94,93,8.14,0.32,12,11.6,1.034482759,corrected
KFR,6/18/2024,10:17,4,28.72,52410,34.41,33540,5.99,93.7,8.14,0.32,12.31,11.7,1.052136752,corrected
KFR,6/18/2024,10:17,4,28.72,52410,34.41,33540,5.99,93.7,8.14,0.32,12.31,11.6,1.061206897,corrected
PSR,6/18/2024,10:37,1,29.32,53750,35.38,34400,6.67,106.1,7.95,0.24,36.68,10.2,3.596078431,uncorrected
PSR,6/18/2024,10:37,1,29.32,53750,35.38,34400,6.67,106.1,7.95,0.24,36.68,10.1,3.631683168,uncorrected
PSR,6/18/2024,10:37,2,29.32,53670,35.32,34350,6.51,103.5,8.1,0.13,32.64,10.2,3.2,uncorrected
PSR,6/18/2024,10:37,2,29.32,53670,35.32,34350,6.51,103.5,8.1,0.13,32.64,10.1,3.231683168,uncorrected
PSR,6/18/2024,10:38,3,29.33,53850,35.46,34460,6.5,103.4,8.11,0.27,31.34,10.2,3.07254902,uncorrected
PSR,6/18/2024,10:38,3,29.33,53850,35.46,34460,6.5,103.4,8.11,0.27,31.34,10.1,3.102970297,uncorrected
PSR,6/18/2024,10:38,4,29.36,53960,35.54,34530,6.49,103.3,8.12,0.32,37.57,10.2,3.683333333,uncorrected
PSR,6/18/2024,10:38,4,29.36,53960,35.54,34530,6.49,103.3,8.12,0.32,37.57,10.1,3.71980198,uncorrected
SR64,6/18/2024,11:26,1,29.74,39100,24.77,25030,6.85,103.4,7.46,0.27,5.87,6.52,0.900306748,uncorrected
SR64,6/18/2024,11:26,1,29.74,39100,24.77,25030,6.85,103.4,7.46,0.27,5.87,6.2,0.946774194,uncorrected
SR64,6/18/2024,11:26,2,29.75,39190,24.83,25080,6.4,96.7,7.66,0.27,6.27,6.52,0.961656442,uncorrected
SR64,6/18/2024,11:26,2,29.75,39190,24.83,25080,6.4,96.7,7.66,0.27,6.27,6.2,1.011290323,uncorrected
SR64,6/18/2024,11:27,3,29.72,39110,24.78,25030,6.15,92.9,7.68,0.34,5.44,6.52,0.834355828,uncorrected
SR64,6/18/2024,11:27,3,29.72,39110,24.78,25030,6.15,92.9,7.68,0.34,5.44,6.2,0.877419355,uncorrected
SR64,6/18/2024,11:27,4,29.72,39090,24.77,25020,6.1,92.1,7.68,0.28,6.86,6.52,1.052147239,uncorrected
SR64,6/18/2024,11:27,4,29.72,39090,24.77,25020,6.1,92.1,7.68,0.28,6.86,6.2,1.106451613,uncorrected
365,6/25/2024,10:56,1,30.58,53640,35.26,34330,5.59,90.6,8.02,0.51,10.03,2.15,4.665116279,uncorrected
365,6/25/2024,10:56,2,30.57,53510,35.16,34240,5.61,90.8,8.03,0.72,10.23,2.15,4.758139535,uncorrected
365,6/25/2024,10:57,3,30.58,53500,35.16,34240,5.62,91.1,8.03,0.73,10.06,2.15,4.679069767,uncorrected
365,6/25/2024,10:57,4,30.56,53530,35.18,34260,5.63,91.3,8.03,0.78,10,2.15,4.651162791,uncorrected
336,6/25/2024,11:07,1,30.81,52030,34.06,33300,5.72,92.5,8.07,0.46,1.83,3.25,0.563076923,uncorrected
336,6/25/2024,11:07,2,30.81,52130,34.13,33360,5.76,93.1,8.07,0.45,1,3.25,0.307692308,uncorrected
336,6/25/2024,11:07,3,30.8,52610,34.49,33670,5.87,95.1,8.07,0.46,1.23,3.25,0.378461538,uncorrected
336,6/25/2024,11:07,4,30.81,52250,34.22,33440,5.87,95,8.07,0.46,1.24,3.25,0.381538462,uncorrected
421,6/25/2024,11:33,1,30.71,53690,35.29,34360,5.81,94.4,8.02,0.72,7.83,1.84,4.255434783,uncorrected
421,6/25/2024,11:33,2,30.72,53810,35.38,34440,5.81,94.4,8.03,0.79,8.17,1.84,4.440217391,uncorrected
421,6/25/2024,11:34,3,30.71,53810,35.38,34440,5.99,97.4,8.03,0.7,8.18,1.84,4.445652174,uncorrected
421,6/25/2024,11:34,4,30.72,53840,35.4,34460,5.97,97.1,8.03,0.7,8.28,1.84,4.5,uncorrected
428,6/25/2024,11:44,1,31.02,53470,35.12,34220,5.87,95.8,8.05,0.7,10.1,2.2,4.590909091,uncorrected
428,6/25/2024,11:44,2,31.02,53680,35.27,34350,5.9,96.3,8.06,0.68,9.84,2.2,4.472727273,uncorrected
428,6/25/2024,11:44,3,31.02,53920,35.45,34500,6.11,99.9,8.06,0.74,10.34,2.2,4.7,uncorrected
428,6/25/2024,11:45,4,31.03,54070,35.56,34600,6.15,100.6,8.06,0.71,9.88,2.2,4.490909091,uncorrected
449,6/25/2024,11:56,1,30.91,53980,35.5,34540,6.29,102.6,8.12,0.7,8.11,1.99,4.075376884,uncorrected
449,6/25/2024,11:56,2,30.9,54150,35.62,34650,6.37,104,8.12,1.05,8.22,1.99,4.130653266,uncorrected
449,6/25/2024,11:56,3,30.9,54100,35.58,34620,6.67,108.9,8.12,0.86,8.62,1.99,4.331658291,uncorrected
449,6/25/2024,11:57,4,30.9,54200,35.66,34680,6.77,110.5,8.12,1.08,8.22,1.99,4.130653266,uncorrected
464,6/25/2024,12:09,1,31.32,53620,35.22,34320,5.97,97.9,8.16,1.1,15.96,3.61,4.421052632,uncorrected
464,6/25/2024,12:09,2,31.24,53610,35.21,34310,6.11,100,8.15,1.09,16.41,3.61,4.545706371,uncorrected
464,6/25/2024,12:09,3,31.26,53590,35.2,34300,6.15,100.8,8.15,1.15,16.33,3.61,4.523545706,uncorrected
464,6/25/2024,12:09,4,31.3,53620,35.22,34320,6.16,100.9,8.16,1.13,16.04,3.61,4.443213296,uncorrected
590,6/25/2024,12:23,1,31.3,53150,34.87,34020,5.41,88.5,8,0.77,25.26,6.44,3.922360248,uncorrected
590,6/25/2024,12:24,2,31.36,53170,34.88,34020,5.18,84.9,8.01,0.79,26.86,6.44,4.170807453,uncorrected
590,6/25/2024,12:24,3,31.36,53240,34.93,34070,5.03,82.4,8.02,0.8,28.68,6.44,4.453416149,uncorrected
590,6/25/2024,12:24,4,31.34,53230,34.93,34070,4.96,81.2,8.02,0.79,29.67,6.44,4.607142857,uncorrected
590,6/25/2024,12:23,1,31.3,53150,34.87,34020,5.41,88.5,8,0.77,25.26,6.41,3.940717629,uncorrected
590,6/25/2024,12:24,2,31.36,53170,34.88,34020,5.18,84.9,8.01,0.79,26.86,6.41,4.190327613,uncorrected
590,6/25/2024,12:24,3,31.36,53240,34.93,34070,5.03,82.4,8.02,0.8,28.68,6.41,4.47425897,uncorrected
590,6/25/2024,12:24,4,31.34,53230,34.93,34070,4.96,81.2,8.02,0.79,29.67,6.41,4.628705148,uncorrected
590,6/25/2024,12:23,1,31.3,53150,34.87,34020,5.41,88.5,8,0.77,25.26,6.34,3.984227129,uncorrected
590,6/25/2024,12:24,2,31.36,53170,34.88,34020,5.18,84.9,8.01,0.79,26.86,6.34,4.23659306,uncorrected
590,6/25/2024,12:24,3,31.36,53240,34.93,34070,5.03,82.4,8.02,0.8,28.68,6.34,4.523659306,uncorrected
590,6/25/2024,12:24,4,31.34,53230,34.93,34070,4.96,81.2,8.02,0.79,29.67,6.34,4.679810726,uncorrected
659,6/25/2024,12:41,1,31.12,53890,35.43,34490,5.61,91.7,8.01,0.84,20.25,5.56,3.642086331,uncorrected
659,6/25/2024,12:41,2,31.24,53960,35.47,34530,5.4,88.5,8,0.95,19.01,5.56,3.419064748,uncorrected
659,6/25/2024,12:41,3,31.2,54000,35.5,34560,5.32,87.2,8.01,0.93,20.26,5.56,3.643884892,uncorrected
659,6/25/2024,12:41,4,31.21,53950,35.47,34530,5.24,86,8.01,0.97,20.19,5.56,3.631294964,uncorrected
598,6/25/2024,14:15,1,31.34,53620,35.21,34310,6.16,101.1,8.07,0.4,8.52,4.97,1.714285714,uncorrected
598,6/25/2024,14:15,2,31.36,53520,35.14,34250,6.15,100.8,8.06,0.56,9.15,4.97,1.841046278,uncorrected
598,6/25/2024,14:16,3,31.36,53480,35.11,34230,6.14,100.6,8.07,0.59,9.43,4.97,1.897384306,uncorrected
598,6/25/2024,14:16,4,31.34,53400,35.05,34170,6.12,100.3,8.07,0.61,10.47,4.97,2.106639839,uncorrected
676,6/25/2024,14:28,1,31.49,52140,34.11,33370,6.31,103.1,8.1,0.26,24.52,9.54,2.570230608,uncorrected
676,6/25/2024,14:28,2,31.5,52210,34.16,33410,6.35,103.8,8.09,0.29,23.09,9.54,2.42033543,uncorrected
676,6/25/2024,14:28,3,31.47,52170,34.14,33390,6.39,104.4,8.09,0.29,21.82,9.54,2.28721174,uncorrected
676,6/25/2024,14:28,4,31.47,52240,34.19,33430,6.45,105.4,8.09,0.51,23.91,9.54,2.506289308,uncorrected
597,6/25/2024,14:38,1,31.58,50120,32.63,32080,9.06,147.1,8.17,0.56,82.24,37.73,2.179697853,uncorrected
597,6/25/2024,14:38,2,31.58,50050,32.58,32030,9.31,151,8.17,0.58,84.89,37.73,2.24993374,uncorrected
597,6/25/2024,14:38,3,31.53,50140,32.65,32090,9.41,152.7,8.16,0.57,86,37.73,2.2793533,uncorrected
597,6/25/2024,14:39,4,31.56,50070,32.59,32040,9.42,152.8,8.16,0.56,83.22,37.73,2.205671879,uncorrected
456,6/25/2024,15:15,1,31.26,54340,35.75,34780,7.08,116.3,8.09,0.67,5.82,7.13,0.816269285,uncorrected
456,6/25/2024,15:15,2,31.22,54320,35.74,34760,7.13,117,8.1,0.7,6.39,7.13,0.896213184,uncorrected
456,6/25/2024,15:15,3,31.25,54330,35.74,34770,7.06,116,8.09,0.71,6.13,7.13,0.859747546,uncorrected
456,6/25/2024,15:15,4,31.21,54390,35.79,34810,7.05,115.8,8.1,0.72,6.18,7.13,0.866760168,uncorrected
435,6/25/2024,15:24,1,31.37,53840,35.38,34450,6.62,108.8,8.04,0.65,7.41,2.78,2.665467626,uncorrected
435,6/25/2024,15:24,2,31.45,53780,35.33,34420,6.61,108.6,8.04,0.72,7.51,2.78,2.701438849,uncorrected
435,6/25/2024,15:24,3,31.43,53800,35.35,34430,6.61,108.6,8.04,0.71,7.86,2.78,2.827338129,uncorrected
435,6/25/2024,15:24,4,31.43,53750,35.31,34400,6.61,108.6,8.04,0.71,7.73,2.78,2.78057554,uncorrected
434,6/25/2024,15:34,1,31.5,51040,33.3,32660,6.3,102.5,7.94,0.69,20.91,4.93,4.24137931,uncorrected
434,6/25/2024,15:34,2,31.54,50930,33.23,32600,6.28,102.2,7.94,0.69,20.21,4.93,4.099391481,uncorrected
434,6/25/2024,15:35,3,31.55,50950,33.24,32610,6.28,102.2,7.93,0.7,20.42,4.93,4.14198783,uncorrected
434,6/25/2024,15:35,4,31.55,50820,33.14,32530,6.31,102.7,7.93,0.75,22.26,4.93,4.515212982,uncorrected
532,6/25/2024,15:51,1,31.62,45760,29.46,29280,5.94,94.9,7.78,0.63,46.33,10.45,4.433492823,uncorrected
532,6/25/2024,15:51,2,31.64,45680,29.4,29230,6.01,96,7.78,0.65,46.61,10.45,4.460287081,uncorrected
532,6/25/2024,15:51,3,31.64,45840,29.51,29330,6.04,96.5,7.78,0.63,46.89,10.45,4.48708134,uncorrected
532,6/25/2024,15:52,4,31.58,45910,29.57,29380,6.03,96.3,7.78,0.62,46.39,10.45,4.43923445,uncorrected
532,6/25/2024,15:51,1,31.62,45760,29.46,29280,5.94,94.9,7.78,0.63,46.33,10.2,4.542156863,uncorrected
532,6/25/2024,15:51,2,31.64,45680,29.4,29230,6.01,96,7.78,0.65,46.61,10.2,4.569607843,uncorrected
532,6/25/2024,15:51,3,31.64,45840,29.51,29330,6.04,96.5,7.78,0.63,46.89,10.2,4.597058824,uncorrected
532,6/25/2024,15:52,4,31.58,45910,29.57,29380,6.03,96.3,7.78,0.62,46.39,10.2,4.548039216,uncorrected
532,6/25/2024,15:51,1,31.62,45760,29.46,29280,5.94,94.9,7.78,0.63,46.33,9.88,4.689271255,uncorrected
532,6/25/2024,15:51,2,31.64,45680,29.4,29230,6.01,96,7.78,0.65,46.61,9.88,4.717611336,uncorrected
532,6/25/2024,15:51,3,31.64,45840,29.51,29330,6.04,96.5,7.78,0.63,46.89,9.88,4.745951417,uncorrected
532,6/25/2024,15:52,4,31.58,45910,29.57,29380,6.03,96.3,7.78,0.62,46.39,9.88,4.69534413,uncorrected
SR64,7/2/2024,9:52,1,31.24,37990,23.95,24310,4.46,68.7,7.45,0.46,9.36,8.94656,1.046212175,corrected
SR64,7/2/2024,9:52,2,31.28,37860,23.86,24230,4.4,67.8,7.45,0.43,8.02,8.94656,0.896433937,corrected
SR64,7/2/2024,9:52,3,31.29,37840,23.84,24220,4.34,66.9,7.45,0.45,8.93,8.94656,0.998149009,corrected
SR64,7/2/2024,9:53,4,31.29,37920,23.9,24270,4.35,67.1,7.46,0.46,9.28,8.94656,1.037270191,corrected
SR64,7/2/2024,9:53,5,31.33,37880,23.87,24240,4.36,67.3,7.46,0.44,9.48,8.94656,1.059625152,corrected
SR64,7/2/2024,9:53,6,31.33,37920,23.9,24260,4.37,67.4,7.47,0.43,9.66,8.94656,1.079744617,corrected
SR64,7/2/2024,9:52,1,31.24,37990,23.95,24310,4.46,68.7,7.45,0.46,9.36,8.3616,1.119402985,corrected
SR64,7/2/2024,9:52,2,31.28,37860,23.86,24230,4.4,67.8,7.45,0.43,8.02,8.3616,0.959146575,corrected
SR64,7/2/2024,9:52,3,31.29,37840,23.84,24220,4.34,66.9,7.45,0.45,8.93,8.3616,1.067977421,corrected
SR64,7/2/2024,9:53,4,31.29,37920,23.9,24270,4.35,67.1,7.46,0.46,9.28,8.3616,1.109835438,corrected
SR64,7/2/2024,9:53,5,31.33,37880,23.87,24240,4.36,67.3,7.46,0.44,9.48,8.3616,1.133754305,corrected
SR64,7/2/2024,9:53,6,31.33,37920,23.9,24260,4.37,67.4,7.47,0.43,9.66,8.3616,1.155281286,corrected
SR64,7/2/2024,9:52,1,31.24,37990,23.95,24310,4.46,68.7,7.45,0.46,9.36,9.17632,1.020016739,corrected
SR64,7/2/2024,9:52,2,31.28,37860,23.86,24230,4.4,67.8,7.45,0.43,8.02,9.17632,0.873988701,corrected
SR64,7/2/2024,9:52,3,31.29,37840,23.84,24220,4.34,66.9,7.45,0.45,8.93,9.17632,0.973156995,corrected
SR64,7/2/2024,9:53,4,31.29,37920,23.9,24270,4.35,67.1,7.46,0.46,9.28,9.17632,1.011298647,corrected
SR64,7/2/2024,9:53,5,31.33,37880,23.87,24240,4.36,67.3,7.46,0.44,9.48,9.17632,1.033093876,corrected
SR64,7/2/2024,9:53,6,31.33,37920,23.9,24260,4.37,67.4,7.47,0.43,9.66,9.17632,1.052709583,corrected
KFR,7/9/2024,11:13,1,32.32,54590,35.9,34940,4.33,72.4,7.93,0.5,11.27,7.9456,1.418395087,corrected
KFR,7/9/2024,11:13,2,32.32,54810,36.06,35080,4.32,72.3,7.93,0.45,10.81,7.9456,1.36050141,corrected
KFR,7/9/2024,11:14,3,32.32,54650,35.94,34970,4.32,72.2,7.93,0.46,10.95,7.9456,1.378121224,corrected
KFR,7/9/2024,11:14,4,32.32,54660,35.95,34980,4.32,72.2,7.93,0.44,12.49,7.9456,1.571939186,corrected
KFR,7/9/2024,11:14,5,32.32,54660,35.95,34980,4.31,72.1,7.93,0.51,11.76,7.9456,1.480064438,corrected
KFR,7/9/2024,11:14,6,32.32,54790,36.05,35060,4.3,72,7.93,0.48,12.07,7.9456,1.519079742,corrected
KFR,7/9/2024,11:13,1,32.32,54590,35.9,34940,4.33,72.4,7.93,0.5,11.27,6.77632,1.663144598,corrected
KFR,7/9/2024,11:13,2,32.32,54810,36.06,35080,4.32,72.3,7.93,0.45,10.81,6.77632,1.595261145,corrected
KFR,7/9/2024,11:14,3,32.32,54650,35.94,34970,4.32,72.2,7.93,0.46,10.95,6.77632,1.615921326,corrected
KFR,7/9/2024,11:14,4,32.32,54660,35.95,34980,4.32,72.2,7.93,0.44,12.49,6.77632,1.843183321,corrected
KFR,7/9/2024,11:14,5,32.32,54660,35.95,34980,4.31,72.1,7.93,0.51,11.76,6.77632,1.735455232,corrected
KFR,7/9/2024,11:14,6,32.32,54790,36.05,35060,4.3,72,7.93,0.48,12.07,6.77632,1.781202777,corrected
KFR,7/9/2024,11:13,1,32.32,54590,35.9,34940,4.33,72.4,7.93,0.5,11.27,6.59968,1.707658553,corrected
KFR,7/9/2024,11:13,2,32.32,54810,36.06,35080,4.32,72.3,7.93,0.45,10.81,6.59968,1.637958204,corrected
KFR,7/9/2024,11:14,3,32.32,54650,35.94,34970,4.32,72.2,7.93,0.46,10.95,6.59968,1.659171354,corrected
KFR,7/9/2024,11:14,4,32.32,54660,35.95,34980,4.32,72.2,7.93,0.44,12.49,6.59968,1.892516001,corrected
KFR,7/9/2024,11:14,5,32.32,54660,35.95,34980,4.31,72.1,7.93,0.51,11.76,6.59968,1.781904577,corrected
KFR,7/9/2024,11:14,6,32.32,54790,36.05,35060,4.3,72,7.93,0.48,12.07,6.59968,1.828876552,corrected
FHR,7/9/2024,13:06,1,31.27,1278,0.63,817.9,6.28,85.3,8.08,0.43,27.23,11.904,2.287466398,corrected
FHR,7/9/2024,13:07,2,31.24,1277,0.63,817.4,5.4,73.2,7.63,0.42,27.13,11.904,2.27906586,corrected
FHR,7/9/2024,13:07,3,31.26,1291,0.63,826.2,4.9,66.4,7.51,0.43,27.23,11.904,2.287466398,corrected
FHR,7/9/2024,13:07,4,31.27,1293,0.63,827.9,4.87,66.1,7.46,0.43,26.77,11.904,2.248823925,corrected
FHR,7/9/2024,13:07,5,31.26,1286,0.63,823.3,4.72,64.1,7.4,0.45,26.96,11.904,2.264784946,corrected
FHR,7/9/2024,13:08,6,31.26,1286,0.63,823.2,4.61,62.5,7.36,0.44,27.94,11.904,2.347110215,corrected
FHR,7/9/2024,13:06,1,31.27,1278,0.63,817.9,6.28,85.3,8.08,0.43,27.23,11.10464,2.452128119,corrected
FHR,7/9/2024,13:07,2,31.24,1277,0.63,817.4,5.4,73.2,7.63,0.42,27.13,11.10464,2.443122875,corrected
FHR,7/9/2024,13:07,3,31.26,1291,0.63,826.2,4.9,66.4,7.51,0.43,27.23,11.10464,2.452128119,corrected
FHR,7/9/2024,13:07,4,31.27,1293,0.63,827.9,4.87,66.1,7.46,0.43,26.77,11.10464,2.410703994,corrected
FHR,7/9/2024,13:07,5,31.26,1286,0.63,823.3,4.72,64.1,7.4,0.45,26.96,11.10464,2.427813959,corrected
FHR,7/9/2024,13:08,6,31.26,1286,0.63,823.2,4.61,62.5,7.36,0.44,27.94,11.10464,2.516065356,corrected
FHR,7/9/2024,13:06,1,31.27,1278,0.63,817.9,6.28,85.3,8.08,0.43,27.23,10.32704,2.636767167,corrected
FHR,7/9/2024,13:07,2,31.24,1277,0.63,817.4,5.4,73.2,7.63,0.42,27.13,10.32704,2.62708385,corrected
FHR,7/9/2024,13:07,3,31.26,1291,0.63,826.2,4.9,66.4,7.51,0.43,27.23,10.32704,2.636767167,corrected
FHR,7/9/2024,13:07,4,31.27,1293,0.63,827.9,4.87,66.1,7.46,0.43,26.77,10.32704,2.592223909,corrected
FHR,7/9/2024,13:07,5,31.26,1286,0.63,823.3,4.72,64.1,7.4,0.45,26.96,10.32704,2.610622211,corrected
FHR,7/9/2024,13:08,6,31.26,1286,0.63,823.2,4.61,62.5,7.36,0.44,27.94,10.32704,2.705518716,corrected
SR64,7/9/2024,13:38,1,32.75,24290,14.6,15550,6.8,102,7.7,0.47,20.94,15.91552,1.31569688,corrected
SR64,7/9/2024,13:38,2,32.77,24290,14.59,15540,6.71,100.7,7.64,0.47,20.27,15.91552,1.273599606,corrected
SR64,7/9/2024,13:39,3,32.77,24290,14.6,15550,6.66,99.9,7.62,0.48,21.35,15.91552,1.341457898,corrected
SR64,7/9/2024,13:39,4,32.78,24290,14.6,15550,6.52,97.8,7.6,0.43,21.54,15.91552,1.353395931,corrected
SR64,7/9/2024,13:40,5,32.78,24260,14.57,15520,6.47,97.2,7.6,0.46,20.78,15.91552,1.305643799,corrected
SR64,7/9/2024,13:40,6,32.77,24340,14.62,15570,6.42,96.4,7.59,0.46,20.71,15.91552,1.301245577,corrected
SR64,7/9/2024,13:38,1,32.75,24290,14.6,15550,6.8,102,7.7,0.47,20.94,14.39616,1.454554548,corrected
SR64,7/9/2024,13:38,2,32.77,24290,14.59,15540,6.71,100.7,7.64,0.47,20.27,14.39616,1.408014359,corrected
SR64,7/9/2024,13:39,3,32.77,24290,14.6,15550,6.66,99.9,7.62,0.48,21.35,14.39616,1.483034365,corrected
SR64,7/9/2024,13:39,4,32.78,24290,14.6,15550,6.52,97.8,7.6,0.43,21.54,14.39616,1.496232329,corrected
SR64,7/9/2024,13:40,5,32.78,24260,14.57,15520,6.47,97.2,7.6,0.46,20.78,14.39616,1.443440473,corrected
SR64,7/9/2024,13:40,6,32.77,24340,14.62,15570,6.42,96.4,7.59,0.46,20.71,14.39616,1.438578065,corrected
SR64,7/9/2024,13:38,1,32.75,24290,14.6,15550,6.8,102,7.7,0.47,20.94,19.0592,1.098682001,corrected
SR64,7/9/2024,13:38,2,32.77,24290,14.59,15540,6.71,100.7,7.64,0.47,20.27,19.0592,1.063528375,corrected
SR64,7/9/2024,13:39,3,32.77,24290,14.6,15550,6.66,99.9,7.62,0.48,21.35,19.0592,1.120193922,corrected
SR64,7/9/2024,13:39,4,32.78,24290,14.6,15550,6.52,97.8,7.6,0.43,21.54,19.0592,1.130162861,corrected
SR64,7/9/2024,13:40,5,32.78,24260,14.57,15520,6.47,97.2,7.6,0.46,20.78,19.0592,1.090287105,corrected
SR64,7/9/2024,13:40,6,32.77,24340,14.62,15570,6.42,96.4,7.59,0.46,20.71,19.0592,1.086614338,corrected
MC,7/9/2024,14:26,1,30.12,637.3,0.3,407.8,6.6,87.7,7.43,0.77,24.41,22.20992,1.099058439,corrected
MC,7/9/2024,14:26,2,29.86,639.7,0.3,409.4,6.57,86.9,7.42,0.78,26.89,22.20992,1.210720255,corrected
MC,7/9/2024,14:26,3,29.71,634.7,0.3,406.2,6.48,85.5,7.41,0.75,23.57,22.20992,1.061237501,corrected
MC,7/9/2024,14:26,4,29.71,637.8,0.3,408.2,6.42,84.7,7.41,0.78,27.09,22.20992,1.21972524,corrected
MC,7/9/2024,14:27,5,29.67,634.2,0.3,405.9,6.38,84.1,7.41,0.78,26.12,22.20992,1.176051062,corrected
MC,7/9/2024,14:27,6,29.61,635.8,0.3,406.9,6.3,82.9,7.4,0.75,20.87,22.20992,0.939670201,corrected
MC,7/9/2024,14:26,1,30.12,637.3,0.3,407.8,6.6,87.7,7.43,0.77,24.41,21.63392,1.128320711,corrected
MC,7/9/2024,14:26,2,29.86,639.7,0.3,409.4,6.57,86.9,7.42,0.78,26.89,21.63392,1.242955507,corrected
MC,7/9/2024,14:26,3,29.71,634.7,0.3,406.2,6.48,85.5,7.41,0.75,23.57,21.63392,1.089492796,corrected
MC,7/9/2024,14:26,4,29.71,637.8,0.3,408.2,6.42,84.7,7.41,0.78,27.09,21.63392,1.252200248,corrected
MC,7/9/2024,14:27,5,29.67,634.2,0.3,405.9,6.38,84.1,7.41,0.78,26.12,21.63392,1.207363252,corrected
MC,7/9/2024,14:27,6,29.61,635.8,0.3,406.9,6.3,82.9,7.4,0.75,20.87,21.63392,0.964688785,corrected
MC,7/9/2024,14:26,1,30.12,637.3,0.3,407.8,6.6,87.7,7.43,0.77,24.41,20.11584,1.213471573,corrected
MC,7/9/2024,14:26,2,29.86,639.7,0.3,409.4,6.57,86.9,7.42,0.78,26.89,20.11584,1.336757501,corrected
MC,7/9/2024,14:26,3,29.71,634.7,0.3,406.2,6.48,85.5,7.41,0.75,23.57,20.11584,1.171713436,corrected
MC,7/9/2024,14:26,4,29.71,637.8,0.3,408.2,6.42,84.7,7.41,0.78,27.09,20.11584,1.346699914,corrected
MC,7/9/2024,14:27,5,29.67,634.2,0.3,405.9,6.38,84.1,7.41,0.78,26.12,20.11584,1.298479208,corrected
MC,7/9/2024,14:27,6,29.61,635.8,0.3,406.9,6.3,82.9,7.4,0.75,20.87,20.11584,1.037490853,corrected
PBR,7/10/2024,10:35,1,31.88,30890,19.03,19770,6.96,105.4,7.71,0.46,16.88,19.95712,0.845813424,corrected
PBR,7/10/2024,10:36,2,31.9,30980,19.09,19820,6.83,103.5,7.71,0.45,18.93,19.95712,0.948533656,corrected
PBR,7/10/2024,10:36,3,31.94,30890,19.03,19770,6.77,102.7,7.7,0.45,17.79,19.95712,0.891411186,corrected
PBR,7/10/2024,10:36,4,31.93,30980,19.09,19830,6.7,101.6,7.7,0.44,18.56,19.95712,0.929993907,corrected
PBR,7/10/2024,10:35,1,31.88,30890,19.03,19770,6.96,105.4,7.71,0.46,16.88,13.56864,1.244045092,corrected
PBR,7/10/2024,10:36,2,31.9,30980,19.09,19820,6.83,103.5,7.71,0.45,18.93,13.56864,1.395128768,corrected
PBR,7/10/2024,10:36,3,31.94,30890,19.03,19770,6.77,102.7,7.7,0.45,17.79,13.56864,1.311111504,corrected
PBR,7/10/2024,10:36,4,31.93,30980,19.09,19830,6.7,101.6,7.7,0.44,18.56,13.56864,1.367860007,corrected
PFP,7/10/2024,10:48,1,32.26,29770,18.26,19050,7.15,108.5,7.81,0.42,20.53,20.11904,1.020426422,corrected
PFP,7/10/2024,10:48,2,32.28,29900,18.35,19130,7.04,106.9,7.81,0.43,22.96,20.11904,1.141207533,corrected
PFP,7/10/2024,10:48,3,32.29,29850,18.32,19100,7.01,106.5,7.81,0.43,22.31,20.11904,1.108899828,corrected
PFP,7/10/2024,10:49,4,32.28,29790,18.28,19070,7.01,106.5,7.8,0.43,20.49,20.11904,1.018438256,corrected
PFP,7/10/2024,10:48,1,32.26,29770,18.26,19050,7.15,108.5,7.81,0.42,20.53,17.10016,1.200573562,corrected
PFP,7/10/2024,10:48,2,32.28,29900,18.35,19130,7.04,106.9,7.81,0.43,22.96,17.10016,1.342677495,corrected
PFP,7/10/2024,10:48,3,32.29,29850,18.32,19100,7.01,106.5,7.81,0.43,22.31,17.10016,1.304666155,corrected
PFP,7/10/2024,10:49,4,32.28,29790,18.28,19070,7.01,106.5,7.8,0.43,20.49,17.10016,1.198234402,corrected
SR64,7/10/2024,11:17,1,31.87,21320,12.67,13640,6.39,93.6,7.62,0.45,18.32,12.064,1.518567639,corrected
SR64,7/10/2024,11:17,2,31.91,21530,12.81,13780,5.91,86.6,7.52,0.45,19.32,12.064,1.601458886,corrected
SR64,7/10/2024,11:17,3,31.91,21530,12.81,13780,5.74,84.2,7.48,0.45,16.51,12.064,1.368534483,corrected
SR64,7/10/2024,11:17,4,31.9,21610,12.86,13830,5.69,83.5,7.45,0.45,16.47,12.064,1.365218833,corrected
SR64,7/10/2024,11:17,1,31.87,21320,12.67,13640,6.39,93.6,7.62,0.45,18.32,11.53408,1.588336478,corrected
SR64,7/10/2024,11:17,2,31.91,21530,12.81,13780,5.91,86.6,7.52,0.45,19.32,11.53408,1.675036067,corrected
SR64,7/10/2024,11:17,3,31.91,21530,12.81,13780,5.74,84.2,7.48,0.45,16.51,11.53408,1.431410221,corrected
SR64,7/10/2024,11:17,4,31.9,21610,12.86,13830,5.69,83.5,7.45,0.45,16.47,11.53408,1.427942237,corrected
SR64,7/17/2024,9:41,1,31.56,31150,19.22,19940,5.12,77.2,7,0.47,14.42,13.6,1.060294118,corrected
SR64,7/17/2024,9:41,2,31.55,30880,19.04,19760,4.77,71.9,7.07,0.48,14.3,13.6,1.051470588,corrected
SR64,7/17/2024,9:42,3,31.55,30750,18.94,19680,4.02,60.5,7.25,0.49,12.48,13.6,0.917647059,corrected
SR64,7/17/2024,9:42,4,31.54,30940,19.07,19800,3.92,59,7.27,0.47,14.69,13.6,1.080147059,corrected
SR64,7/17/2024,9:42,5,31.56,30970,19.09,19820,3.8,57.3,7.29,0.48,14.2,13.6,1.044117647,corrected
SR64,7/17/2024,9:42,6,31.52,30030,18.46,19220,3.7,55.5,7.32,0.45,13.21,13.6,0.971323529,corrected
SR64,7/17/2024,9:41,1,31.56,31150,19.22,19940,5.12,77.2,7,0.47,14.42,13.4,1.076119403,corrected
SR64,7/17/2024,9:41,2,31.55,30880,19.04,19760,4.77,71.9,7.07,0.48,14.3,13.4,1.067164179,corrected
SR64,7/17/2024,9:42,3,31.55,30750,18.94,19680,4.02,60.5,7.25,0.49,12.48,13.4,0.931343284,corrected
SR64,7/17/2024,9:42,4,31.54,30940,19.07,19800,3.92,59,7.27,0.47,14.69,13.4,1.096268657,corrected
SR64,7/17/2024,9:42,5,31.56,30970,19.09,19820,3.8,57.3,7.29,0.48,14.2,13.4,1.059701493,corrected
SR64,7/17/2024,9:42,6,31.52,30030,18.46,19220,3.7,55.5,7.32,0.45,13.21,13.4,0.985820896,corrected
SR64,7/17/2024,9:41,1,31.56,31150,19.22,19940,5.12,77.2,7,0.47,14.42,13.3,1.084210526,corrected
SR64,7/17/2024,9:41,2,31.55,30880,19.04,19760,4.77,71.9,7.07,0.48,14.3,13.3,1.07518797,corrected
SR64,7/17/2024,9:42,3,31.55,30750,18.94,19680,4.02,60.5,7.25,0.49,12.48,13.3,0.938345865,corrected
SR64,7/17/2024,9:42,4,31.54,30940,19.07,19800,3.92,59,7.27,0.47,14.69,13.3,1.104511278,corrected
SR64,7/17/2024,9:42,5,31.56,30970,19.09,19820,3.8,57.3,7.29,0.48,14.2,13.3,1.067669173,corrected
SR64,7/17/2024,9:42,6,31.52,30030,18.46,19220,3.7,55.5,7.32,0.45,13.21,13.3,0.993233083,corrected
FHR,7/17/2024,10:12,1,30.03,2080,1.05,1331,5.63,74.9,7.12,0.76,32.2,24.9,1.293172691,corrected
FHR,7/17/2024,10:12,2,30.04,2063,1.04,1320,5.75,76.6,7.14,0.76,33.85,24.9,1.359437751,corrected
FHR,7/17/2024,10:13,3,29.99,2055,1.03,1315,5.83,77.5,7.15,0.8,34.86,24.9,1.4,corrected
FHR,7/17/2024,10:14,4,29.97,2058,1.04,1317,5.61,74.7,7.2,0.78,32.2,24.9,1.293172691,corrected
FHR,7/17/2024,10:14,5,29.97,2050,1.03,1312,5.64,75,7.2,0.79,32.84,24.9,1.318875502,corrected
FHR,7/17/2024,10:14,6,29.97,2024,1.02,1295,5.69,75.6,7.2,0.78,34.53,24.9,1.386746988,corrected
FHR,7/17/2024,10:12,1,30.03,2080,1.05,1331,5.63,74.9,7.12,0.76,32.2,24.8,1.298387097,corrected
FHR,7/17/2024,10:12,2,30.04,2063,1.04,1320,5.75,76.6,7.14,0.76,33.85,24.8,1.364919355,corrected
FHR,7/17/2024,10:13,3,29.99,2055,1.03,1315,5.83,77.5,7.15,0.8,34.86,24.8,1.405645161,corrected
FHR,7/17/2024,10:14,4,29.97,2058,1.04,1317,5.61,74.7,7.2,0.78,32.2,24.8,1.298387097,corrected
FHR,7/17/2024,10:14,5,29.97,2050,1.03,1312,5.64,75,7.2,0.79,32.84,24.8,1.324193548,corrected
FHR,7/17/2024,10:14,6,29.97,2024,1.02,1295,5.69,75.6,7.2,0.78,34.53,24.8,1.39233871,corrected
FHR,7/17/2024,10:12,1,30.03,2080,1.05,1331,5.63,74.9,7.12,0.76,32.2,24.7,1.303643725,corrected
FHR,7/17/2024,10:12,2,30.04,2063,1.04,1320,5.75,76.6,7.14,0.76,33.85,24.7,1.370445344,corrected
FHR,7/17/2024,10:13,3,29.99,2055,1.03,1315,5.83,77.5,7.15,0.8,34.86,24.7,1.411336032,corrected
FHR,7/17/2024,10:14,4,29.97,2058,1.04,1317,5.61,74.7,7.2,0.78,32.2,24.7,1.303643725,corrected
FHR,7/17/2024,10:14,5,29.97,2050,1.03,1312,5.64,75,7.2,0.79,32.84,24.7,1.329554656,corrected
FHR,7/17/2024,10:14,6,29.97,2024,1.02,1295,5.69,75.6,7.2,0.78,34.53,24.7,1.397975709,corrected
FHB,7/17/2024,10:19,1,29.6,2072,1.04,1326,5.67,74.9,7.18,0.7,30.06,25.2,1.192857143,corrected
FHB,7/17/2024,10:19,2,29.6,2044,1.03,1308,5.53,73.1,7.18,0.7,29.41,25.2,1.167063492,corrected
FHB,7/17/2024,10:19,3,29.61,2041,1.03,1306,5.47,72.2,7.18,0.7,28.86,25.2,1.145238095,corrected
FHB,7/17/2024,10:19,4,29.61,1947,0.98,1246,5.42,71.7,7.17,0.7,29.36,25.2,1.165079365,corrected
FHB,7/17/2024,10:20,5,29.59,2154,1.09,1378,5.33,70.4,7.15,0.78,27.69,25.2,1.098809524,corrected
FHB,7/17/2024,10:20,6,29.58,2217,1.12,1419,5.29,69.9,7.15,0.79,26.9,25.2,1.067460317,corrected
FHB,7/17/2024,10:19,1,29.6,2072,1.04,1326,5.67,74.9,7.18,0.7,30.06,27.9,1.077419355,corrected
FHB,7/17/2024,10:19,2,29.6,2044,1.03,1308,5.53,73.1,7.18,0.7,29.41,27.9,1.054121864,corrected
FHB,7/17/2024,10:19,3,29.61,2041,1.03,1306,5.47,72.2,7.18,0.7,28.86,27.9,1.034408602,corrected
FHB,7/17/2024,10:19,4,29.61,1947,0.98,1246,5.42,71.7,7.17,0.7,29.36,27.9,1.052329749,corrected
FHB,7/17/2024,10:20,5,29.59,2154,1.09,1378,5.33,70.4,7.15,0.78,27.69,27.9,0.992473118,corrected
FHB,7/17/2024,10:20,6,29.58,2217,1.12,1419,5.29,69.9,7.15,0.79,26.9,27.9,0.964157706,corrected
FHB,7/17/2024,10:19,1,29.6,2072,1.04,1326,5.67,74.9,7.18,0.7,30.06,24.2,1.24214876,corrected
FHB,7/17/2024,10:19,2,29.6,2044,1.03,1308,5.53,73.1,7.18,0.7,29.41,24.2,1.215289256,corrected
FHB,7/17/2024,10:19,3,29.61,2041,1.03,1306,5.47,72.2,7.18,0.7,28.86,24.2,1.192561983,corrected
FHB,7/17/2024,10:19,4,29.61,1947,0.98,1246,5.42,71.7,7.17,0.7,29.36,24.2,1.21322314,corrected
FHB,7/17/2024,10:20,5,29.59,2154,1.09,1378,5.33,70.4,7.15,0.78,27.69,24.2,1.144214876,corrected
FHB,7/17/2024,10:20,6,29.58,2217,1.12,1419,5.29,69.9,7.15,0.79,26.9,24.2,1.111570248,corrected
